Date,HDFCBANK.NS,INFY.NS,RELIANCE.NS,TCS.NS
2020-01-01,605.5293579101562,633.1510620117188,675.3241577148438,1866.1143798828125
2020-01-02,609.38916015625,631.3037719726562,686.8212280273438,1857.5479736328125
2020-01-03,600.6988525390625,641.0133666992188,687.6488037109375,1894.56689453125
2020-01-06,587.6987915039062,634.86962890625,671.70068359375,1894.39453125
2020-01-07,597.0048217773438,625.460693359375,682.0345458984375,1899.0435791015625
2020-01-08,595.44189453125,617.1257934570312,676.912353515625,1941.57275390625
2020-01-09,602.1195678710938,625.1598510742188,692.5025634765625,1906.3614501953125
2020-01-10,607.4710083007812,634.2681884765625,692.3460083007812,1905.6732177734375
2020-01-13,609.0339965820312,664.686279296875,690.5789794921875,1885.6998291015625
2020-01-14,610.6914672851562,666.4906005859375,684.181884765625,1899.94775390625
2020-01-15,608.2051391601562,659.5305786132812,681.6990356445312,1917.1658935546875
2020-01-16,609.8153686523438,659.0579833984375,687.9842529296875,1927.4110107421875
2020-01-17,605.3162231445312,659.7883911132812,707.2652587890625,1910.4510498046875
2020-01-20,594.3052978515625,660.3040161132812,685.5015258789062,1868.4815673828125
2020-01-21,589.3090209960938,655.1914672851562,686.1948852539062,1869.083984375
2020-01-22,587.6514282226562,661.8076782226562,685.9489135742188,1899.94775390625
2020-01-23,589.5457153320312,673.9663696289062,683.0410766601562,1890.4993896484375
2020-01-24,589.4037475585938,672.591552734375,680.6701049804688,1883.9849853515625
2020-01-27,574.5567016601562,668.5958862304688,673.9597778320312,1871.7752685546875
2020-01-28,579.2925415039062,668.510009765625,658.3919067382812,1884.28662109375
2020-01-29,585.283447265625,678.5634155273438,662.0155029296875,1859.1339111328125
2020-01-30,580.6423950195312,670.8300170898438,645.8660888671875,1844.6812744140625
2020-01-31,580.7608032226562,666.74853515625,631.5059814453125,1793.9442138671875
2020-02-03,564.8955688476562,659.40185546875,619.8076782226562,1814.1787109375
2020-02-04,582.4182739257812,676.9737548828125,638.1044921875,1818.7088623046875
2020-02-05,589.4510498046875,674.1382446289062,647.9909057617188,1852.1878662109375
2020-02-06,587.1541748046875,662.7958374023438,652.1514282226562,1836.4837646484375
2020-02-07,588.2908325195312,667.908447265625,641.3478393554688,1843.559326171875
2020-02-10,587.3909912109375,664.385498046875,642.2201538085938,1865.476318359375
2020-02-11,587.532958984375,664.686279296875,649.892333984375,1858.098388671875
2020-02-12,591.5111083984375,671.1307373046875,657.7432861328125,1873.069091796875
2020-02-13,587.9119262695312,680.7545776367188,659.465576171875,1891.3623046875
2020-02-14,577.4691772460938,675.7708740234375,665.4824829101562,1884.6751708984375
2020-02-17,576.4274291992188,678.3485717773438,661.2996826171875,1901.1126708984375
2020-02-18,574.5803833007812,685.3946533203125,656.4459228515625,1911.898681640625
2020-02-19,581.1869506835938,687.8004760742188,672.7296142578125,1895.1590576171875
2020-02-20,576.4036865234375,684.8361206054688,664.744384765625,1861.0325927734375
2020-02-24,573.017578125,683.8478393554688,646.4028930664062,1825.266357421875
2020-02-25,568.4474487304688,686.0390625,633.6310424804688,1860.471435546875
2020-02-26,567.9501953125,672.591552734375,622.7154541015625,1832.385498046875
2020-02-27,568.044921875,668.3809814453125,620.1431884765625,1816.767333984375
2020-02-28,557.720703125,628.7258911132812,594.3756713867188,1725.864501953125
2020-03-02,558.6441650390625,636.760009765625,588.7837524414062,1726.856201171875
2020-03-03,559.6861572265625,641.87255859375,600.7281494140625,1756.970703125
2020-03-04,544.081298828125,651.968994140625,599.3189697265625,1797.5255126953125
2020-03-05,545.2652587890625,648.403076171875,586.5470581054688,1833.6363525390625
2020-03-06,537.474853515625,634.9556884765625,568.585693359375,1826.2156982421875
2020-03-09,524.4038696289062,605.310791015625,498.4184875488281,1701.8760986328125
2020-03-11,527.4821166992188,589.4573974609375,516.0441284179688,1685.7840576171875
2020-03-12,483.67523193359375,542.3694458007812,475.5363464355469,1527.145751953125
2020-03-13,506.6442565917969,551.9503173828125,494.4593811035156,1558.5972900390625
2020-03-16,473.35101318359375,501.08172607421875,454.37652587890625,1463.7681884765625
2020-03-17,461.7954406738281,476.8503723144531,450.9319152832031,1430.6341552734375
2020-03-18,415.2891845703125,459.1065368652344,433.261474609375,1427.5277099609375
2020-03-19,424.12158203125,468.7732849121094,410.5359191894531,1422.2694091796875
2020-03-20,418.1070251464844,502.8432922363281,455.383056640625,1562.2930908203125
2020-03-23,365.39666748046875,452.36126708984375,395.4825134277344,1451.25634765625
2020-03-24,363.5733642578125,506.79583740234375,422.0329284667969,1480.330322265625
2020-03-25,405.74639892578125,520.8878173828125,484.1478576660156,1521.3114013671875
2020-03-26,426.74993896484375,552.5088500976562,476.9678649902344,1556.6435546875
2020-03-27,428.3365478515625,560.8438110351562,476.699462890625,1585.803955078125
2020-03-30,393.8593444824219,538.5028686523438,460.9750061035156,1545.8226318359375
2020-03-31,408.1853332519531,551.219970703125,498.239501953125,1587.194580078125
2020-04-01,392.912109375,517.96630859375,483.3426818847656,1485.197265625
2020-04-03,385.429443359375,503.27294921875,482.0006103515625,1437.7841796875
2020-04-07,424.38201904296875,549.0717163085938,539.5526123046875,1542.9537353515625
2020-04-08,420.9721984863281,542.7132568359375,533.31201171875,1482.3292236328125
2020-04-09,438.0924072265625,546.7088623046875,545.7484130859375,1535.0877685546875
2020-04-13,424.02685546875,547.6971435546875,531.969970703125,1529.0906982421875
2020-04-15,408.84832763671875,549.11474609375,514.3889770507812,1508.1435546875
2020-04-16,416.63885498046875,536.0538940429688,522.53076171875,1491.54248046875
2020-04-17,431.1070251464844,540.2642822265625,547.5601196289062,1569.8983154296875
2020-04-20,447.46942138671875,561.3593139648438,556.417724609375,1580.7191162109375
2020-04-21,436.4822082519531,544.0880126953125,553.5324096679688,1510.3165283203125
2020-04-22,439.773681640625,551.5206909179688,610.0106811523438,1537.999755859375
2020-04-23,452.252685546875,583.7003784179688,613.2764282226562,1632.5220947265625
2020-04-24,444.2490539550781,565.39794921875,633.8993530273438,1580.6324462890625
2020-04-27,440.29461669921875,571.0691528320312,639.6030883789062,1596.3209228515625
2020-04-28,441.0997009277344,567.7177734375,638.8873901367188,1615.8341064453125
2020-04-29,462.7426452636719,581.3372802734375,638.3505249023438,1656.3375244140625
2020-04-30,474.44024658203125,614.8057250976562,655.819580078125,1750.9033203125
2020-05-04,437.1214904785156,578.888427734375,642.0411987304688,1677.892822265625
2020-05-05,431.65167236328125,578.888427734375,653.42626953125,1679.89208984375
2020-05-06,448.2035217285156,572.1861572265625,653.4710693359375,1654.555419921875
2020-05-07,438.0687255859375,571.3699340820312,674.1387329101562,1644.1688232421875
2020-05-08,439.98675537109375,579.3179321289062,698.6760864257812,1645.6900634765625
2020-05-11,433.71173095703125,586.7936401367188,705.3863525390625,1682.1083984375
2020-05-12,426.9631042480469,590.8750610351562,661.7470092773438,1694.4505615234375
2020-05-13,439.32373046875,596.4603881835938,675.7871704101562,1694.5810546875
2020-05-14,423.24542236328125,565.5267944335938,648.4657592773438,1653.4691162109375
2020-05-15,420.6170349121094,560.5001220703125,659.0556030273438,1645.25537109375
2020-05-18,396.2272644042969,570.4676513671875,650.6334838867188,1691.06103515625
2020-05-19,393.3857116699219,574.506103515625,636.2500610351562,1693.7119140625
2020-05-20,405.912109375,575.3223876953125,647.4496459960938,1698.0142822265625
2020-05-21,407.0723876953125,577.5995483398438,650.8593139648438,1730.6949462890625
2020-05-22,397.26910400390625,594.9136962890625,646.478759765625,1756.031494140625
2020-05-26,403.686279296875,584.7744140625,643.0918579101562,1688.8009033203125
2020-05-27,427.9576416015625,606.1700439453125,652.8010864257812,1742.9505615234375
2020-05-28,447.6589050292969,607.845703125,664.8585815429688,1742.0809326171875
2020-05-29,450.6898498535156,601.8359985351562,661.3135986328125,1714.310791015625
2020-06-01,467.7389831542969,609.28271484375,686.580322265625,1777.6737060546875
2020-06-02,474.0614318847656,616.7295532226562,693.5121459960938,1779.324951171875
2020-06-03,484.1251525878906,611.024658203125,696.19921875,1783.68408203125
2020-06-04,474.3929138183594,616.4246826171875,713.427490234375,1823.260009765625
2020-06-05,489.3819274902344,612.7667236328125,714.2855224609375,1785.514404296875
2020-06-08,481.1178894042969,627.8343505859375,708.7760009765625,1805.9998779296875
2020-06-09,467.5732421875,625.003662109375,694.1669921875,1806.2613525390625
2020-06-10,469.7280578613281,623.4794921875,709.972900390625,1838.253662109375
2020-06-11,458.7171325683594,613.1150512695312,694.4154663085938,1802.42578125
2020-06-12,465.41839599609375,602.75048828125,717.4918823242188,1777.8868408203125
2020-06-15,449.8373718261719,598.8312377929688,729.120361328125,1769.5181884765625
2020-06-16,469.0413818359375,610.7198486328125,730.5429077148438,1783.37890625
2020-06-17,463.7608642578125,612.8538208007812,729.481689453125,1785.1221923828125
2020-06-18,483.03594970703125,621.7811889648438,747.7937622070312,1776.6663818359375
2020-06-19,489.3819274902344,614.5084838867188,794.53369140625,1782.3326416015625
2020-06-22,487.2034912109375,612.897216796875,788.5501098632812,1767.8184814453125
2020-06-23,493.62054443359375,627.6600952148438,777.1473999023438,1774.225341796875
2020-06-24,488.9793701171875,621.9989013671875,780.285888671875,1780.2406005859375
2020-06-25,487.2034912109375,610.1102294921875,775.7925415039062,1757.48828125
2020-06-26,500.3218078613281,651.6552734375,786.5178833007812,1847.0584716796875
2020-06-29,509.6042175292969,637.327880859375,778.1633911132812,1832.064453125
2020-06-30,504.7735595703125,640.9859619140625,769.560546875,1815.0657958984375
2020-07-01,513.6533813476562,637.45849609375,784.6889038085938,1823.696044921875
2020-07-02,515.9266357421875,658.9712524414062,798.19775390625,1880.4454345703125
2020-07-03,508.6095886230469,664.2842407226562,810.689697265625,1917.493408203125
2020-07-06,522.3673706054688,665.4163818359375,839.6640625,1972.8919677734375
2020-07-07,523.3856201171875,691.676025390625,826.8092651367188,1978.732421875
2020-07-08,525.8482055664062,674.7357788085938,815.2694091796875,1934.27490234375
2020-07-09,532.7625732421875,680.8323974609375,827.1719360351562,1921.5908203125
2020-07-10,523.3618774414062,680.9631958007812,851.5665893554688,1937.2823486328125
2020-07-13,511.5932312011719,694.2017211914062,877.3895263671875,1935.233642578125
2020-07-14,501.4584655761719,682.1824340820312,869.2277221679688,1893.3470458984375
2020-07-15,498.7590026855469,723.7273559570312,836.127197265625,1947.350341796875
2020-07-16,503.21075439453125,793.4481811523438,835.855224609375,1952.4619140625
2020-07-17,520.2125244140625,786.611083984375,866.8245849609375,1922.756103515625
2020-07-20,536.5986938476562,813.7415771484375,870.5426635742188,1929.0030517578125
2020-07-21,539.2034301757812,815.8753662109375,893.96240234375,1943.9866943359375
2020-07-22,533.4255981445312,799.4578247070312,908.6763305664062,1914.1939697265625
2020-07-23,535.3436279296875,790.7916870117188,933.07080078125,1896.9390869140625
2020-07-24,529.9920654296875,803.76904296875,973.1314086914062,1884.882080078125
2020-07-27,511.2380065917969,826.0657348632812,977.6884765625,1928.0421142578125
2020-07-28,514.6242065429688,838.6075439453125,987.437255859375,2017.9874267578125
2020-07-29,504.1815490722656,831.0302124023438,950.6866455078125,1988.5447998046875
2020-07-30,497.5750732421875,837.3883056640625,956.218505859375,1991.5584716796875
2020-07-31,489.1215515136719,841.3511352539062,937.2877807617188,1993.21875
2020-08-03,474.5350036621094,833.4254150390625,910.943359375,1969.410888671875
2020-08-04,493.312744140625,827.2850341796875,975.1492309570312,1965.522705078125
2020-08-05,486.63519287109375,822.799560546875,964.1989135742188,1974.0849609375
2020-08-06,492.8628234863281,845.5752563476562,967.6676635742188,2016.5457763671875
2020-08-07,494.3546447753906,828.1995849609375,973.267578125,2005.406982421875
2020-08-10,497.5750732421875,828.5913696289062,961.2061767578125,1994.442138671875
2020-08-11,505.1524353027344,826.0657348632812,967.5316772460938,1991.908203125
2020-08-12,503.7554016113281,831.72705078125,964.7202758789062,1972.20703125
2020-08-13,501.55322265625,828.4609985351562,962.2037963867188,1969.6728515625
2020-08-14,489.90289306640625,830.5511474609375,958.4630126953125,1958.9263916015625
2020-08-17,489.0978698730469,833.9479370117188,948.283447265625,1968.7552490234375
2020-08-18,500.3454895019531,842.7011108398438,960.6168212890625,1983.040283203125
2020-08-19,505.1287841796875,835.515625,966.5114135742188,1971.551513671875
2020-08-20,501.52947998046875,831.901123046875,950.8679809570312,1968.275390625
2020-08-21,514.1506958007812,826.3705444335938,943.9758911132812,1964.5621337890625
2020-08-24,529.021240234375,825.1511840820312,950.2785034179688,1964.1256103515625
2020-08-25,530.2762451171875,817.0512084960938,944.0891723632812,1959.36328125
2020-08-26,529.684326171875,828.1124877929688,969.11865234375,1968.8427734375
2020-08-27,526.6769409179688,824.8463745117188,957.0120239257812,1964.3868408203125
2020-08-28,527.8136596679688,814.569091796875,959.5286254882812,1955.781494140625
2020-08-31,528.4529418945312,808.7771606445312,943.4544067382812,1972.11962890625
2020-09-01,533.8755493164062,796.1917114257812,946.4243774414062,1962.5965576171875
2020-09-02,537.11962890625,804.7706298828125,964.9923706054688,1979.0216064453125
2020-09-03,535.58056640625,814.8302001953125,957.6921997070312,2009.032958984375
2020-09-04,530.0867919921875,800.5465698242188,941.8900756835938,1999.6839599609375
2020-09-07,525.9192504882812,805.6851806640625,944.338623046875,2033.10302734375
2020-09-08,526.8427124023438,818.0963134765625,955.425048828125,2051.581298828125
2020-09-09,519.2890625,808.0368041992188,980.023681640625,2033.626220703125
2020-09-10,516.47119140625,818.7496337890625,1049.239990234375,2036.6842041015625
2020-09-11,510.83551025390625,823.6704711914062,1051.84716796875,2074.209228515625
2020-09-14,501.03216552734375,852.1510620117188,1044.0482177734375,2176.6923828125
2020-09-15,506.9757385253906,855.678466796875,1051.439208984375,2176.6923828125
2020-09-16,517.9393310546875,872.488037109375,1054.0235595703125,2186.826904296875
2020-09-17,513.1797485351562,880.5445556640625,1042.3251953125,2150.087890625
2020-09-18,500.72442626953125,872.8364868164062,1045.4764404296875,2140.434326171875
2020-09-21,496.9356994628906,879.5864868164062,1022.8728637695312,2153.888916015625
2020-09-22,490.35284423828125,877.49609375,1002.6045532226562,2204.256591796875
2020-09-23,495.96484375,888.1654663085938,1011.514404296875,2155.76708984375
2020-09-24,487.98492431640625,849.5381469726562,989.0242919921875,2037.6451416015625
2020-09-25,494.4256286621094,880.9364013671875,998.319580078125,2116.321044921875
2020-09-28,499.2562561035156,880.02197265625,1004.9170532226562,2119.8154296875
2020-09-29,503.21075439453125,878.8026123046875,1017.9758911132812,2174.07080078125
2020-09-30,510.8117980957031,878.1494140625,1013.1242065429688,2177.478515625
2020-10-01,524.238037109375,886.33642578125,1008.9978637695312,2204.693603515625
2020-10-05,527.7425537109375,913.3798828125,1003.08056640625,2364.00927734375
2020-10-06,541.8318481445312,919.5202026367188,1002.2417602539062,2371.435546875
2020-10-07,550.427490234375,928.9267578125,1023.62109375,2390.350830078125
2020-10-08,564.4219970703125,952.5731201171875,1015.3460083007812,2468.763427734375
2020-10-09,584.1942749023438,963.9828491210938,1012.716064453125,2457.62451171875
2020-10-12,574.7698364257812,986.0181884765625,1014.348388671875,2472.520751953125
2020-10-13,567.5712890625,1008.402099609375,1034.140869140625,2469.506591796875
2020-10-14,573.7516479492188,990.2859497070312,1037.2239990234375,2465.1640625
2020-10-15,553.7426147460938,965.2456665039062,1000.4960327148438,2404.622802734375
2020-10-16,567.99755859375,982.01171875,986.57568359375,2424.539794921875
2020-10-19,569.9866333007812,980.6182861328125,986.757080078125,2379.133544921875
2020-10-20,579.6478271484375,990.7213134765625,977.552490234375,2403.218505859375
2020-10-21,590.4219360351562,1000.17138671875,963.3600463867188,2347.4150390625
2020-10-22,584.075927734375,983.3619384765625,955.35693359375,2343.6865234375
2020-10-23,585.2598876953125,988.1594848632812,958.1229248046875,2357.418212890625
2020-10-26,573.467529296875,979.3121337890625,920.057373046875,2358.64599609375
2020-10-27,583.9811401367188,960.2973022460938,922.5059204101562,2307.712646484375
2020-10-28,572.851806640625,947.7088012695312,912.0543212890625,2300.737548828125
2020-10-29,562.243408203125,946.2123413085938,919.0596923828125,2309.906005859375
2020-10-30,560.514892578125,933.6676635742188,931.574462890625,2338.15869140625
2020-11-02,575.5275268554688,943.9675903320312,851.2945556640625,2285.294921875
2020-11-03,591.013916015625,935.3843994140625,839.0291748046875,2310.740234375
2020-11-04,595.4892578125,963.0264282226562,867.504638671875,2327.892822265625
2020-11-05,601.07763671875,971.8735961914062,886.4581298828125,2356.452392578125
2020-11-06,619.2871704101562,979.5765380859375,920.0800170898438,2375.537109375
2020-11-09,634.8682250976562,1000.5278930664062,929.8514404296875,2392.3388671875
2020-11-10,660.0156860351562,960.4735107421875,945.2000732421875,2324.7783203125
2020-11-11,658.2633056640625,988.1594848632812,905.5929565429688,2358.294921875
2020-11-12,649.6204223632812,983.97802734375,897.7938842773438,2343.598876953125
2020-11-13,643.5111083984375,989.6559448242188,905.2301025390625,2331.139892578125
2020-11-14,648.6732177734375,997.799072265625,907.9053955078125,2342.984619140625
2020-11-17,667.0247802734375,989.2158203125,903.8018188476562,2339.21142578125
2020-11-18,667.14306640625,977.6397705078125,901.05859375,2304.6416015625
2020-11-19,650.8754272460938,965.491455078125,894.6879272460938,2313.635009765625
2020-11-20,664.7515869140625,971.3014526367188,861.292724609375,2334.122314453125
2020-11-23,660.4655151367188,1003.43310546875,884.50830078125,2390.277099609375
2020-11-24,681.1139526367188,1003.6091918945312,890.5616455078125,2388.346435546875
2020-11-25,664.3489379882812,982.12939453125,883.193359375,2370.140380859375
2020-11-26,675.6441040039062,979.9725952148438,885.3699340820312,2387.07421875
2020-11-27,682.3690185546875,968.3524780273438,875.0316162109375,2351.14404296875
2020-12-01,678.7933959960938,1001.6724853515625,886.4127807617188,2392.51416015625
2020-12-02,666.3143310546875,1004.3574829101562,887.8864135742188,2412.475341796875
2020-12-03,652.2250366210938,991.6367797851562,890.5616455078125,2377.291259765625
2020-12-04,656.2032470703125,998.8555297851562,882.71728515625,2393.172607421875
2020-12-07,649.8807983398438,1006.6461181640625,887.9090576171875,2402.077880859375
2020-12-08,651.7989501953125,1015.3175659179688,904.028564453125,2454.371337890625
2020-12-09,666.4328002929688,1034.5523681640625,919.0824584960938,2466.216796875
2020-12-10,656.3216552734375,1027.994140625,910.0364990234375,2442.965087890625
2020-12-11,654.8772583007812,1023.988525390625,909.492431640625,2442.35107421875
2020-12-14,649.8335571289062,1025.17724609375,902.9176635742188,2454.7216796875
2020-12-15,658.9027099609375,1016.41796875,895.2320556640625,2423.00341796875
2020-12-16,668.0902099609375,1026.1893310546875,896.2295532226562,2469.19970703125
2020-12-17,682.8189086914062,1020.4671020507812,900.3331909179688,2490.25732421875
2020-12-18,668.3981323242188,1047.405029296875,903.031005859375,2510.26220703125
2020-12-21,650.0702514648438,1036.401123046875,879.5206298828125,2474.419921875
2020-12-22,650.283447265625,1074.430908203125,878.1603393554688,2520.3525390625
2020-12-23,651.4910888671875,1103.08544921875,881.4024047851562,2552.15869140625
2020-12-24,661.6495361328125,1088.1199951171875,904.2099609375,2552.685302734375
2020-12-28,669.1084594726562,1091.861328125,908.35888671875,2570.27685546875
2020-12-29,675.9044799804688,1100.66455078125,902.3508911132812,2571.2421875
2020-12-30,678.41455078125,1097.583251953125,904.822021484375,2552.640869140625
2020-12-31,680.2142333984375,1105.5062255859375,900.197021484375,2511.7978515625
2021-01-01,674.8863525390625,1109.5997314453125,901.1947021484375,2569.267822265625
2021-01-04,670.6004028320312,1134.07275390625,902.713623046875,2666.8359375
2021-01-05,675.6676635742188,1138.9583740234375,891.4911499023438,2713.82080078125
2021-01-06,672.7551879882812,1128.6588134765625,867.9807739257812,2677.408203125
2021-01-07,670.71875,1111.096435546875,866.5751953125,2661.00048828125
2021-01-08,678.0120239257812,1155.0679931640625,876.7999877929688,2738.30029296875
2021-01-11,687.3889770507812,1211.496826171875,860.2724609375,2787.04052734375
2021-01-12,701.3836059570312,1207.57958984375,887.3876953125,2785.636962890625
2021-01-13,696.48193359375,1221.136474609375,879.112548828125,2771.685546875
2021-01-14,695.5820922851562,1206.47900390625,888.9972534179688,2857.615478515625
2021-01-15,694.5875854492188,1183.9869384765625,878.5003662109375,2842.36376953125
2021-01-18,702.3780517578125,1155.0245361328125,899.5849609375,2832.166259765625
2021-01-19,712.205078125,1159.0736083984375,914.298828125,2866.40576171875
2021-01-20,706.5929565429688,1179.1448974609375,931.6651611328125,2908.6904296875
2021-01-21,698.4473266601562,1179.364990234375,951.9335327148438,2877.96630859375
2021-01-22,683.647705078125,1180.3773193359375,929.3527221679688,2903.67919921875
2021-01-25,692.7879638671875,1166.5125732421875,880.1100463867188,2893.306396484375
2021-01-27,667.5693969726562,1145.2967529296875,859.2523193359375,2866.7138671875
2021-01-28,649.5020141601562,1123.464599609375,850.886474609375,2810.013427734375
2021-01-29,658.5238647460938,1090.7607421875,835.1976928710938,2735.1162109375
2021-02-01,699.3707885742188,1109.995849609375,859.3883056640625,2759.730224609375
2021-02-02,739.0574340820312,1119.107177734375,873.2178955078125,2816.0791015625
2021-02-03,745.8060913085938,1130.9034423828125,875.4170532226562,2813.090087890625
2021-02-04,747.842529296875,1126.23779296875,872.5377807617188,2802.892333984375
2021-02-05,756.6038818359375,1119.85546875,872.288330078125,2776.080810546875
2021-02-08,760.226806640625,1147.54150390625,884.8484497070312,2825.44091796875
2021-02-09,763.3525390625,1149.30224609375,886.9796142578125,2792.73974609375
2021-02-10,749.0975341796875,1141.3353271484375,895.2092895507812,2824.73828125
2021-02-11,744.6458129882812,1137.9459228515625,932.11865234375,2818.32080078125
2021-02-12,749.1922607421875,1153.0435791015625,925.7252197265625,2804.95947265625
2021-02-15,765.60205078125,1152.911376953125,921.6443481445312,2760.169921875
2021-02-16,770.3616943359375,1135.9652099609375,933.8416748046875,2732.87451171875
2021-02-17,751.3470458984375,1127.9544677734375,944.6106567382812,2701.491455078125
2021-02-18,736.0975952148438,1137.7698974609375,937.559814453125,2687.645751953125
2021-02-19,728.89892578125,1136.757568359375,943.2730102539062,2700.392822265625
2021-02-22,733.1138916015625,1113.7813720703125,910.5352783203125,2600.705810546875
2021-02-23,724.1868896484375,1114.7935791015625,917.4955444335938,2619.824951171875
2021-02-24,760.7951049804688,1121.792236328125,934.5219116210938,2591.607177734375
2021-02-25,760.771484375,1122.0123291015625,972.3153076171875,2633.09912109375
2021-02-26,726.6731567382812,1103.3055419921875,945.7669677734375,2544.312255859375
2021-03-01,738.2760620117188,1115.36572265625,952.9765014648438,2570.596435546875
2021-03-02,742.680419921875,1148.377685546875,954.9262084960938,2642.81298828125
2021-03-03,751.5128173828125,1182.7542724609375,998.5009765625,2689.18408203125
2021-03-04,735.031982421875,1171.1341552734375,986.5984497070312,2680.921142578125
2021-03-05,724.58935546875,1159.1177978515625,987.890625,2644.30712890625
2021-03-08,719.6166381835938,1175.887939453125,993.5132446289062,2643.3408203125
2021-03-09,739.9808959960938,1184.5150146484375,993.490478515625,2682.01953125
2021-03-10,736.7843017578125,1204.41015625,989.3643188476562,2699.600830078125
2021-03-12,734.984619140625,1210.308349609375,969.2546997070312,2688.173095703125
2021-03-15,723.9500732421875,1209.2078857421875,956.2412109375,2695.3818359375
2021-03-16,716.1358642578125,1218.36328125,952.4777221679688,2733.973388671875
2021-03-17,708.1795654296875,1221.0042724609375,931.9600219726562,2736.5224609375
2021-03-18,706.1194458007812,1177.076416015625,910.9887084960938,2669.31689453125
2021-03-19,709.19775390625,1183.5465087890625,944.0438842773438,2681.361083984375
2021-03-22,695.7715454101562,1206.7431640625,935.1565551757812,2751.203369140625
2021-03-23,710.4526977539062,1207.403564453125,946.5377197265625,2762.5869140625
2021-03-24,700.3416748046875,1191.733642578125,928.309814453125,2743.687255859375
2021-03-25,693.0247192382812,1174.1712646484375,902.985595703125,2694.23876953125
2021-03-26,706.2615356445312,1176.283935546875,904.4366455078125,2695.953125
2021-03-30,735.8133544921875,1219.5078125,920.1480712890625,2776.60888671875
2021-03-31,707.37451171875,1204.3221435546875,908.26806640625,2793.575439453125
2021-04-01,704.106689453125,1219.419677734375,916.77001953125,2782.27880859375
2021-04-05,686.5128784179688,1241.163818359375,903.5071411132812,2847.2421875
2021-04-06,682.0848388671875,1242.176025390625,899.7437133789062,2869.92236328125
2021-04-07,685.3762817382812,1259.0340576171875,908.15478515625,2875.812255859375
2021-04-08,678.556640625,1267.529052734375,909.2884521484375,2916.205810546875
2021-04-09,673.3234252929688,1268.5858154296875,898.7234497070312,2920.512939453125
2021-04-12,647.4182739257812,1255.1165771484375,866.5751953125,2853.967041015625
2021-04-13,663.1886596679688,1229.939453125,875.9385375976562,2728.698974609375
2021-04-15,677.2778930664062,1197.895751953125,881.6064453125,2829.705078125
2021-04-16,676.5912475585938,1191.733642578125,876.0745239257812,2808.7822265625
2021-04-19,668.8953857421875,1199.4805908203125,862.2901611328125,2779.46533203125
2021-04-20,658.9500732421875,1189.6207275390625,862.0408325195312,2764.302001953125
2021-04-22,673.6787109375,1189.400634765625,864.4213256835938,2741.665771484375
2021-04-23,669.7241821289062,1174.1712646484375,863.4918212890625,2733.489501953125
2021-04-26,665.296142578125,1182.7542724609375,878.6818237304688,2725.84228515625
2021-04-27,681.350830078125,1187.1119384765625,901.716064453125,2753.26904296875
2021-04-28,699.39453125,1193.71435546875,905.63818359375,2746.324462890625
2021-04-29,697.3580322265625,1194.0223388671875,917.767578125,2738.54443359375
2021-04-30,668.8480834960938,1192.2618408203125,904.3687133789062,2668.5693359375
2021-05-03,669.8662719726562,1190.237060546875,888.2944946289062,2669.75634765625
2021-05-04,657.505615234375,1170.2979736328125,869.0463256835938,2680.964599609375
2021-05-05,664.254150390625,1180.9498291015625,870.6333618164062,2721.35791015625
2021-05-06,663.44921875,1198.64404296875,875.5757446289062,2735.204833984375
2021-05-07,670.0083618164062,1190.67724609375,875.915771484375,2754.06005859375
2021-05-10,672.423583984375,1179.233154296875,873.3993530273438,2765.13671875
2021-05-11,664.7042236328125,1171.3983154296875,876.5506591796875,2745.005615234375
2021-05-12,662.7861938476562,1168.184814453125,867.48193359375,2714.23828125
2021-05-14,656.7952880859375,1158.853759765625,878.4324340820312,2682.503173828125
2021-05-17,682.0848388671875,1170.2979736328125,888.884033203125,2698.546630859375
2021-05-18,699.3471069335938,1179.629150390625,901.3987426757812,2715.29248046875
2021-05-19,690.585693359375,1176.98828125,905.52490234375,2709.315673828125
2021-05-20,678.556640625,1179.0130615234375,900.2424926757812,2689.9755859375
2021-05-21,709.1030883789062,1192.3936767578125,908.018798828125,2707.995849609375
2021-05-24,715.0938720703125,1186.7156982421875,900.355712890625,2708.875244140625
2021-05-25,700.4126586914062,1198.64404296875,890.153564453125,2750.83642578125
2021-05-26,699.5128784179688,1230.0274658203125,893.2822265625,2790.146240234375
2021-05-27,702.1649780273438,1234.4293212890625,896.0255737304688,2809.138671875
2021-05-28,712.0155639648438,1236.8941650390625,949.8478393554688,2776.98388671875
2021-05-31,717.8880615234375,1240.1864013671875,979.5475463867188,2790.720458984375
2021-06-01,715.9226684570312,1234.3580322265625,983.4470825195312,2785.28759765625
2021-06-02,712.2760009765625,1226.75,998.1155395507812,2764.484130859375
2021-06-03,720.114013671875,1236.5380859375,1001.92431640625,2774.908203125
2021-06-04,710.8316040039062,1232.9788818359375,993.2411499023438,2777.116455078125
2021-06-07,710.3106689453125,1236.5380859375,1009.9727172851562,2811.966064453125
2021-06-08,702.3544311523438,1257.2706298828125,1004.1688232421875,2826.93896484375
2021-06-09,701.052001953125,1259.362060546875,986.2129516601562,2827.027099609375
2021-06-10,701.4072875976562,1267.3704833984375,989.8405151367188,2841.6474609375
2021-06-11,703.9173583984375,1287.480224609375,1007.0098266601562,2892.0
2021-06-14,700.6494750976562,1300.7388916015625,1021.4564208984375,2894.252197265625
2021-06-15,705.7642822265625,1311.505615234375,1023.777099609375,2882.23828125
2021-06-16,703.0885009765625,1317.46728515625,1006.3045043945312,2892.485595703125
2021-06-17,694.3270874023438,1330.5474853515625,1008.1473999023438,2930.823974609375
2021-06-18,700.8152465820312,1337.666259765625,1012.6974487304688,2912.7587890625
2021-06-21,705.0301513671875,1334.9967041015625,1017.9756469726562,2891.38134765625
2021-06-22,702.7096557617188,1345.27392578125,1012.7430419921875,2916.2041015625
2021-06-23,703.5147094726562,1337.5328369140625,1003.460693359375,2881.0458984375
2021-06-24,713.3416137695312,1387.406982421875,979.8683471679688,2980.160888671875
2021-06-25,717.532958984375,1400.75439453125,957.550048828125,2986.521240234375
2021-06-28,714.3361206054688,1398.618896484375,949.1550903320312,2947.608154296875
2021-06-29,714.4312744140625,1390.832763671875,949.9740600585938,2951.229736328125
2021-06-30,712.4573974609375,1406.6270751953125,960.37109375,2955.558837890625
2021-07-01,707.1541137695312,1388.4749755859375,954.592529296875,2951.8046875
2021-07-02,704.1337280273438,1395.0596923828125,968.7432861328125,2937.625244140625
2021-07-05,711.2921752929688,1404.9808349609375,978.3668823242188,2933.69482421875
2021-07-06,729.9609375,1390.0765380859375,966.8095703125,2881.8408203125
2021-07-07,732.243896484375,1392.2119140625,960.09814453125,2893.01611328125
2021-07-08,723.1829833984375,1388.7862548828125,952.1581420898438,2878.483642578125
2021-07-09,714.4075317382812,1390.6993408203125,942.4208984375,2834.005615234375
2021-07-12,707.2728881835938,1377.3074951171875,948.2905883789062,2820.710693359375
2021-07-13,714.3361206054688,1374.7271728515625,955.3887329101562,2815.808837890625
2021-07-14,713.052001953125,1403.1571044921875,949.1550903320312,2839.65966796875
2021-07-15,723.3019409179688,1406.6270751953125,947.4943237304688,2835.58740234375
2021-07-16,724.0867309570312,1384.0701904296875,961.1674194335938,2828.371826171875
2021-07-19,699.6627807617188,1371.835205078125,955.0474853515625,2819.342041015625
2021-07-20,686.4161987304688,1379.2652587890625,952.7041015625,2838.110107421875
2021-07-22,689.0560913085938,1414.9915771484375,964.9439697265625,2847.4501953125
2021-07-23,686.2260131835938,1415.2139892578125,958.1188354492188,2844.351318359375
2021-07-26,682.3258056640625,1427.18212890625,944.9917602539062,2830.806884765625
2021-07-27,684.799072265625,1425.980712890625,935.0496826171875,2817.881103515625
2021-07-28,674.1209716796875,1428.6947021484375,927.018798828125,2831.02783203125
2021-07-29,674.5728759765625,1438.838623046875,934.25341796875,2829.2578125
2021-07-30,678.47314453125,1433.0548095703125,926.0860595703125,2804.15869140625
2021-08-02,676.665771484375,1451.7857666015625,943.012451171875,2850.150390625
2021-08-03,682.3970947265625,1472.82958984375,949.9512939453125,2908.1376953125
2021-08-04,696.9517211914062,1467.5352783203125,957.2315673828125,2898.443603515625
2021-08-05,706.2503051757812,1471.3616943359375,971.1094360351562,2907.296630859375
2021-08-06,709.9603881835938,1468.380615234375,950.5429077148438,2930.181884765625
2021-08-09,715.311279296875,1480.03759765625,945.1282348632812,2941.6025390625
2021-08-10,717.0948486328125,1492.450439453125,950.0877685546875,2951.517822265625
2021-08-11,711.0542602539062,1492.71728515625,963.3969116210938,2960.63623046875
2021-08-12,714.1221923828125,1503.439453125,960.3029174804688,2967.32080078125
2021-08-13,725.9179077148438,1523.5494384765625,976.2965698242188,3066.164794921875
2021-08-16,728.0107421875,1516.6087646484375,988.9686279296875,3074.619384765625
2021-08-17,720.4243774414062,1549.754638671875,984.7598266601562,3145.532470703125
2021-08-18,719.6395263671875,1542.4581298828125,988.5819091796875,3152.171875
2021-08-20,720.471923828125,1542.0130615234375,977.4796752929688,3151.242919921875
2021-08-23,725.156982421875,1547.17431640625,983.895263671875,3220.2080078125
2021-08-24,741.447509765625,1531.24658203125,993.6098022460938,3198.78369140625
2021-08-25,740.7578125,1544.326904296875,1002.20947265625,3239.33056640625
2021-08-26,739.5211791992188,1537.341552734375,1014.8815307617188,3250.706787109375
2021-08-27,736.5009155273438,1520.5244140625,1013.4937133789062,3293.466796875
2021-08-30,745.91845703125,1510.9586181640625,1032.990966796875,3276.779296875
2021-08-31,752.1731567382812,1518.43310546875,1027.4854736328125,3352.16259765625
2021-09-01,751.0792236328125,1492.8951416015625,1031.5577392578125,3288.863037109375
2021-09-02,755.7880859375,1502.9947509765625,1043.9796142578125,3396.693359375
2021-09-03,749.6285400390625,1513.272216796875,1086.796142578125,3401.38525390625
2021-09-06,744.7056274414062,1539.7442626953125,1103.67724609375,3410.194580078125
2021-09-07,746.3941650390625,1518.6112060546875,1110.6387939453125,3378.234619140625
2021-09-08,749.7949829101562,1506.6875,1106.2933349609375,3341.273193359375
2021-09-09,746.0850219726562,1505.21923828125,1103.67724609375,3356.54443359375
2021-09-13,739.8779296875,1505.486083984375,1079.083740234375,3404.307373046875
2021-09-14,736.5484619140625,1500.369873046875,1077.6732177734375,3440.2060546875
2021-09-15,735.7161254882812,1522.882080078125,1082.155029296875,3500.982421875
2021-09-16,741.9706420898438,1514.6956787109375,1104.860107421875,3455.6103515625
2021-09-17,752.5298461914062,1504.9522705078125,1087.72900390625,3388.813720703125
2021-09-20,741.923095703125,1501.88232421875,1089.4581298828125,3384.962890625
2021-09-21,738.16552734375,1529.1107177734375,1094.16748046875,3419.8876953125
2021-09-22,729.4852294921875,1527.7315673828125,1105.9068603515625,3419.180419921875
2021-09-23,746.7508544921875,1550.5555419921875,1132.9344482421875,3425.465576171875
2021-09-24,761.7572631835938,1569.5087890625,1129.6583251953125,3427.28125
2021-09-27,772.95849609375,1531.513427734375,1148.6551513671875,3396.87060546875
2021-09-28,768.1784057617188,1501.215087890625,1159.3934326171875,3345.699951171875
2021-09-29,758.0948486328125,1505.797607421875,1150.2022705078125,3356.987548828125
2021-09-30,758.6179809570312,1490.6263427734375,1146.2889404296875,3342.512451171875
2021-10-01,752.7914428710938,1481.68359375,1148.3138427734375,3302.364501953125
2021-10-04,754.2421264648438,1493.7850341796875,1163.0789794921875,3340.520751953125
2021-10-05,758.8558959960938,1506.287109375,1187.2174072265625,3393.638916015625
2021-10-06,768.1069946289062,1489.1578369140625,1164.7625732421875,3373.80810546875
2021-10-07,766.0142822265625,1504.6851806640625,1170.472900390625,3446.403076171875
2021-10-08,762.2804565429688,1533.915771484375,1215.450927734375,3484.24951171875
2021-10-11,777.0965576171875,1504.640869140625,1206.9876708984375,3262.87939453125
2021-10-12,775.098876953125,1499.4798583984375,1213.8809814453125,3233.885986328125
2021-10-13,779.7601318359375,1520.8800048828125,1226.234619140625,3235.966064453125
2021-10-14,802.5906982421875,1526.70849609375,1228.714599609375,3203.368896484375
2021-10-18,794.457275390625,1594.690673828125,1231.9906005859375,3235.034912109375
2021-10-19,803.2090454101562,1621.3851318359375,1243.0245361328125,3223.504150390625
2021-10-20,796.1458740234375,1603.7667236328125,1228.714599609375,3201.06298828125
2021-10-21,797.3111572265625,1560.4324951171875,1193.2691650390625,3133.33984375
2021-10-22,799.427734375,1530.312255859375,1195.4986572265625,3103.4921875
2021-10-25,788.13134765625,1519.411865234375,1183.8502197265625,3098.259033203125
2021-10-26,786.1099243164062,1529.4212646484375,1210.809814453125,3089.078369140625
2021-10-27,781.3773193359375,1552.08837890625,1195.4986572265625,3095.420654296875
2021-10-28,757.9759521484375,1529.600830078125,1182.39404296875,3035.015625
2021-10-29,752.86279296875,1497.1488037109375,1154.0244140625,3013.816650390625
2021-11-01,763.5409545898438,1526.1446533203125,1154.7296142578125,3083.5791015625
2021-11-02,764.2305908203125,1524.2147216796875,1137.8939208984375,3090.497314453125
2021-11-03,752.1969604492188,1528.3441162109375,1130.06787109375,3097.638427734375
2021-11-04,758.142333984375,1533.9097900390625,1137.0067138671875,3112.18505859375
2021-11-08,761.1389770507812,1559.7635498046875,1138.417236328125,3106.951904296875
2021-11-09,747.8211059570312,1564.252197265625,1147.40380859375,3109.568603515625
2021-11-10,739.7352294921875,1562.1427001953125,1160.235107421875,3090.58642578125
2021-11-11,736.4295654296875,1555.9931640625,1162.35107421875,3094.0458984375
2021-11-12,738.6650390625,1598.0955810546875,1179.8916015625,3127.618408203125
2021-11-15,740.6864013671875,1604.3349609375,1172.929931640625,3151.790283203125
2021-11-16,736.286865234375,1608.9580078125,1145.6748046875,3154.5390625
2021-11-17,728.1058959960938,1604.60400390625,1121.149658203125,3123.9375
2021-11-18,732.1963500976562,1597.377685546875,1125.3812255859375,3082.958251953125
2021-11-22,720.7572631835938,1579.423583984375,1075.5347900390625,3067.613037109375
2021-11-23,720.8524169921875,1559.2252197265625,1085.5904541015625,3072.80224609375
2021-11-24,722.04150390625,1522.5089111328125,1069.9151611328125,3054.21923828125
2021-11-25,725.7990112304688,1546.2083740234375,1134.3221435546875,3056.52587890625
2021-11-26,708.6522827148438,1518.60400390625,1097.761962890625,3057.368408203125
2021-11-29,714.05078125,1522.8233642578125,1110.9117431640625,3106.28662109375
2021-11-30,710.388427734375,1537.455810546875,1094.48583984375,3130.368408203125
2021-12-01,715.66796875,1539.4755859375,1122.5147705078125,3173.521484375
2021-12-02,725.7039184570312,1569.4140625,1129.7266845703125,3231.264892578125
2021-12-03,719.9011840820312,1558.013427734375,1095.7825927734375,3229.092041015625
2021-12-06,715.2637329101562,1521.880615234375,1075.0113525390625,3136.798828125
2021-12-07,725.6801147460938,1536.55810546875,1083.7703857421875,3179.464599609375
2021-12-08,739.0455932617188,1573.9923095703125,1100.2646484375,3217.0732421875
2021-12-09,726.2271118164062,1583.059326171875,1117.71435546875,3194.76513671875
2021-12-10,724.181884765625,1579.2889404296875,1118.851806640625,3225.8544921875
2021-12-13,718.7596435546875,1566.182373046875,1096.419677734375,3201.771728515625
2021-12-14,714.6215209960938,1572.9150390625,1082.996826171875,3214.323486328125
2021-12-15,713.4562377929688,1556.80126953125,1079.8345947265625,3166.9130859375
2021-12-16,713.5037841796875,1590.37548828125,1093.8033447265625,3176.89208984375
2021-12-17,700.6378784179688,1634.58740234375,1064.932861328125,3179.331787109375
2021-12-20,678.0926513671875,1614.8828125,1036.2215576171875,3154.98193359375
2021-12-21,685.774169921875,1626.28369140625,1051.646484375,3200.574951171875
2021-12-22,687.3912963867188,1638.0438232421875,1076.60400390625,3220.48828125
2021-12-23,686.8680419921875,1667.5782470703125,1076.217041015625,3248.828125
2021-12-24,684.394775390625,1672.8748779296875,1079.652587890625,3256.10107421875
2021-12-27,690.054931640625,1675.25341796875,1078.4921875,3278.453369140625
2021-12-28,694.811279296875,1694.8685302734375,1091.30078125,3287.722900390625
2021-12-29,691.505615234375,1692.669189453125,1093.16650390625,3277.212646484375
2021-12-30,695.1441650390625,1699.2222900390625,1073.4189453125,3311.84912109375
2021-12-31,703.6581420898438,1694.6441650390625,1077.5367431640625,3315.929931640625
2022-01-03,722.8026123046875,1704.2493896484375,1093.7806396484375,3386.358154296875
2022-01-04,727.0357055664062,1704.8780517578125,1118.465087890625,3445.786865234375
2022-01-05,744.3013305664062,1655.9530029296875,1123.69775390625,3424.67578125
2022-01-06,732.3629150390625,1631.8494873046875,1099.5364990234375,3377.2216796875
2022-01-07,737.4998168945312,1628.7076416015625,1108.4093017578125,3418.06787109375
2022-01-10,741.5902709960938,1661.4288330078125,1109.3193359375,3441.44091796875
2022-01-11,744.8008422851562,1665.7828369140625,1117.304931640625,3473.41650390625
2022-01-12,740.4011840820312,1685.3975830078125,1147.1307373046875,3423.7451171875
2022-01-13,726.7740478515625,1702.768310546875,1153.592041015625,3457.451171875
2022-01-14,734.9313354492188,1731.9886474609375,1155.275390625,3519.763671875
2022-01-17,723.6824951171875,1741.1004638671875,1161.3043212890625,3565.000244140625
2022-01-18,727.36865234375,1724.268310546875,1147.4493408203125,3539.67578125
2022-01-19,722.231689453125,1676.0614013671875,1147.3583984375,3478.409912109375
2022-01-20,717.7369995117188,1637.145751953125,1127.2696533203125,3400.127197265625
2022-01-21,723.7300415039062,1603.0330810546875,1127.4515380859375,3406.30322265625
2022-01-24,707.1065673828125,1559.13525390625,1081.97314453125,3351.0791015625
2022-01-25,707.7724609375,1545.9840087890625,1079.8572998046875,3349.79052734375
2022-01-27,701.5415649414062,1506.888916015625,1063.863525390625,3242.585205078125
2022-01-28,695.9765625,1513.7113037109375,1062.83984375,3278.839111328125
2022-01-31,706.6546630859375,1558.5968017578125,1085.931640625,3319.890625
2022-02-01,712.0293579101562,1590.779541015625,1082.3370361328125,3377.113525390625
2022-02-02,728.2960815429688,1604.2899169921875,1084.5438232421875,3426.473388671875
2022-02-03,720.7572631835938,1560.706298828125,1070.529541015625,3398.39501953125
2022-02-04,724.8716430664062,1562.9954833984375,1060.76953125,3389.775390625
2022-02-07,698.3071899414062,1539.5653076171875,1054.308349609375,3357.876220703125
2022-02-08,695.3106689453125,1541.6300048828125,1072.031005859375,3326.28759765625
2022-02-09,712.314697265625,1559.5843505859375,1084.521240234375,3341.482421875
2022-02-10,725.3947143554688,1588.580078125,1083.4063720703125,3350.190673828125
2022-02-11,722.4220581054688,1545.2657470703125,1081.2906494140625,3283.192626953125
2022-02-14,700.9469604492188,1510.1207275390625,1064.0684814453125,3317.668701171875
2022-02-15,721.9226684570312,1560.43701171875,1100.1964111328125,3392.3525390625
2022-02-16,720.947509765625,1555.9931640625,1097.9212646484375,3388.1767578125
2022-02-17,716.5479125976562,1548.363037109375,1111.8218994140625,3362.4970703125
2022-02-18,719.3303833007812,1532.3387451171875,1103.1312255859375,3371.11669921875
2022-02-21,723.9678344726562,1553.6593017578125,1091.9832763671875,3304.91845703125
2022-02-22,718.5455322265625,1556.9359130859375,1087.023681640625,3186.739501953125
2022-02-23,713.8843383789062,1564.5665283203125,1080.2213134765625,3166.657958984375
2022-02-24,675.119873046875,1506.48486328125,1026.393310546875,3022.577392578125
2022-02-25,692.5757446289062,1521.252197265625,1039.224853515625,3128.4052734375
2022-02-28,678.3779907226562,1540.10400390625,1073.62353515625,3158.12841796875
2022-03-02,653.6448364257812,1528.61328125,1091.369140625,3150.974609375
2022-03-03,652.0990600585938,1544.81689453125,1082.155029296875,3149.419921875
2022-03-04,649.9586181640625,1547.0164794921875,1058.1531982421875,3131.603759765625
2022-03-07,630.1245727539062,1561.8734130859375,1019.0222778320312,3096.550048828125
2022-03-08,631.551513671875,1596.3004150390625,1017.1793823242188,3198.779296875
2022-03-09,652.17041015625,1627.854736328125,1071.143798828125,3227.790771484375
2022-03-10,662.4203491210938,1639.1209716796875,1088.50244140625,3217.439697265625
2022-03-11,664.3704833984375,1635.619873046875,1091.64208984375,3198.068603515625
2022-03-14,686.130859375,1697.292236328125,1100.6058349609375,3237.031982421875
2022-03-15,677.307861328125,1651.1500244140625,1075.3980712890625,3193.403076171875
2022-03-16,688.7943725585938,1696.125244140625,1093.55322265625,3248.494384765625
2022-03-17,703.9673461914062,1664.885009765625,1129.203369140625,3263.46630859375
2022-03-21,707.03515625,1663.49365234375,1122.69677734375,3222.548095703125
2022-03-22,710.6737670898438,1694.3297119140625,1151.703857421875,3288.524169921875
2022-03-23,703.5867309570312,1680.8643798828125,1155.3665771484375,3298.6982421875
2022-03-24,686.178466796875,1693.701416015625,1173.3165283203125,3331.974853515625
2022-03-25,680.5897216796875,1684.58984375,1181.1429443359375,3294.299560546875
2022-03-28,681.493408203125,1682.2109375,1193.0189208984375,3294.5224609375
2022-03-29,690.5305786132812,1693.072998046875,1193.2918701171875,3292.43408203125
2022-03-30,702.4927978515625,1709.1866455078125,1216.224609375,3315.71435546875
2022-03-31,699.3536376953125,1711.7904052734375,1198.8428955078125,3323.17822265625
2022-04-01,716.3101196289062,1708.827880859375,1208.4437255859375,3339.88330078125
2022-04-04,788.0362548828125,1690.3349609375,1212.0155029296875,3350.190673828125
2022-04-05,764.9440307617188,1670.7203369140625,1194.8843994140625,3389.686767578125
2022-04-06,737.6424560546875,1641.76904296875,1191.69921875,3336.861572265625
2022-04-07,721.4232177734375,1625.7452392578125,1170.6778564453125,3273.5966796875
2022-04-08,720.4243774414062,1628.976806640625,1190.1522216796875,3274.928955078125
2022-04-11,711.6250610351562,1585.84228515625,1187.6724853515625,3284.48095703125
2022-04-12,710.3646850585938,1564.2073974609375,1165.30859375,3279.772216796875
2022-04-13,696.78515625,1569.6834716796875,1161.0313720703125,3253.8701171875
2022-04-18,663.7283325195312,1455.5401611328125,1157.482177734375,3134.891845703125
2022-04-19,638.400634765625,1402.21630859375,1201.5958251953125,3084.998291015625
2022-04-20,644.1559448242188,1425.287353515625,1236.9273681640625,3160.4375
2022-04-21,653.6924438476562,1453.2061767578125,1265.88916015625,3224.281005859375
2022-04-22,644.7742309570312,1423.267578125,1255.2872314453125,3209.975341796875
2022-04-25,649.6019287109375,1401.408447265625,1226.2574462890625,3152.7958984375
2022-04-26,652.5985107421875,1419.272705078125,1262.9542236328125,3151.108154296875
2022-04-27,652.8363037109375,1393.957763671875,1264.1826171875,3164.34716796875
2022-04-28,652.2655639648438,1420.7091064453125,1283.0657958984375,3184.873046875
2022-04-29,658.5677490234375,1407.19873046875,1269.597412109375,3151.463623046875
2022-05-02,667.65234375,1383.3646240234375,1265.13818359375,3147.64208984375
2022-05-04,644.9644775390625,1378.47216796875,1225.64306640625,3091.97412109375
2022-05-05,643.5137939453125,1422.9981689453125,1201.6412353515625,3121.874267578125
2022-05-06,626.699951171875,1385.025390625,1192.42724609375,3050.07861328125
2022-05-09,627.7700805664062,1409.7120361328125,1145.8568115234375,3061.185791015625
2022-05-10,637.8536987304688,1394.136962890625,1125.9954833984375,3055.543212890625
2022-05-11,641.4447631835938,1370.572265625,1114.4609375,3031.773681640625
2022-05-12,626.9856567382812,1354.4583740234375,1091.7559814453125,3028.797119140625
2022-05-13,621.35595703125,1350.5087890625,1104.1322021484375,3034.350830078125
2022-05-16,627.9719848632812,1336.7735595703125,1104.4051513671875,3000.4970703125
2022-05-17,632.2544555664062,1363.1214599609375,1150.7935791015625,3066.961181640625
2022-05-18,632.2063598632812,1354.8173828125,1154.979736328125,3064.47314453125
2022-05-19,619.2869873046875,1281.160888671875,1128.3614501953125,2898.445556640625
2022-05-20,635.5985107421875,1306.296630859375,1194.1563720703125,2926.035888671875
2022-05-23,627.4427490234375,1318.1912841796875,1186.1708984375,2951.581298828125
2022-05-24,634.6361694335938,1293.5941162109375,1190.2432861328125,2921.59228515625
2022-05-25,639.375732421875,1266.1689453125,1188.491455078125,2833.613525390625
2022-05-26,657.6118774414062,1278.2880859375,1177.16162109375,2886.66015625
2022-05-27,669.8095703125,1311.8623046875,1171.701416015625,2917.387939453125
2022-05-30,674.3807373046875,1370.6173095703125,1212.51611328125,3019.321533203125
2022-05-31,668.3179931640625,1364.0853271484375,1197.8873291015625,3009.5712890625
2022-06-01,671.1568603515625,1341.359619140625,1198.274169921875,3001.38623046875
2022-06-02,666.4654541015625,1368.0767822265625,1239.58935546875,3062.035888671875
2022-06-03,664.1558227539062,1380.5057373046875,1264.705810546875,3077.378173828125
2022-06-06,663.265625,1388.0809326171875,1259.2685546875,3069.1474609375
2022-06-07,655.6392211914062,1366.8975830078125,1261.634521484375,3008.095458984375
2022-06-08,657.9487915039062,1360.8193359375,1239.4755859375,3045.174072265625
2022-06-09,662.90478515625,1374.427490234375,1273.4649658203125,3065.7041015625
2022-06-10,650.1057739257812,1339.77197265625,1235.0164794921875,3005.59033203125
2022-06-13,638.3171997070312,1292.3245849609375,1211.6513671875,2880.085205078125
2022-06-14,631.2921142578125,1306.885498046875,1195.8170166015625,2871.989990234375
2022-06-15,629.102783203125,1290.2379150390625,1181.3477783203125,2868.187744140625
2022-06-16,616.520263671875,1267.5576171875,1164.830810546875,2810.66845703125
2022-06-17,620.5860595703125,1258.576416015625,1178.48095703125,2763.168212890625
2022-06-20,636.1759643554688,1282.9351806640625,1157.118408203125,2784.18994140625
2022-06-21,643.1047973632812,1315.367919921875,1175.796630859375,2873.24267578125
2022-06-22,640.073486328125,1303.8916015625,1140.0782470703125,2883.082275390625
2022-06-23,642.43115234375,1317.6812744140625,1121.581787109375,2959.87890625
2022-06-24,651.4049682617188,1307.3843994140625,1137.5528564453125,2945.834228515625
2022-06-27,652.583740234375,1337.7760009765625,1134.1856689453125,2965.156494140625
2022-06-28,647.603759765625,1342.8111572265625,1150.1339111328125,2968.24267578125
2022-06-29,646.6654052734375,1327.4791259765625,1173.9991455078125,2943.509033203125
2022-06-30,648.6141357421875,1326.2545166015625,1181.0518798828125,2922.576416015625
2022-07-01,651.3807983398438,1342.130615234375,1095.9874267578125,2965.514892578125
2022-07-04,652.2951049804688,1349.932861328125,1098.2625732421875,2893.906005859375
2022-07-05,650.8274536132812,1339.000732421875,1107.157958984375,2877.133544921875
2022-07-06,659.80126953125,1353.2440185546875,1097.420654296875,2916.895751953125
2022-07-07,671.6139526367188,1359.639892578125,1086.6141357421875,2941.137939453125
2022-07-08,672.2394409179688,1373.928466796875,1088.1158447265625,2921.099853515625
2022-07-11,676.5940551757812,1336.460693359375,1102.9036865234375,2785.4423828125
2022-07-12,669.6892700195312,1305.1163330078125,1101.3338623046875,2759.410888671875
2022-07-13,653.3536376953125,1310.423583984375,1081.8138427734375,2718.306396484375
2022-07-14,650.0817260742188,1296.2711181640625,1090.7320556640625,2689.605224609375
2022-07-15,655.3745727539062,1297.6319580078125,1092.847900390625,2685.883056640625
2022-07-18,648.3976440429688,1351.656494140625,1102.1529541015625,2747.68017578125
2022-07-19,648.6381225585938,1346.4398193359375,1108.909912109375,2757.322021484375
2022-07-20,656.8179931640625,1374.6995849609375,1138.89501953125,2838.537353515625
2022-07-21,654.7490234375,1390.6666259765625,1131.2962646484375,2849.74853515625
2022-07-22,670.026123046875,1366.5347900390625,1138.940673828125,2844.09814453125
2022-07-25,671.9988403320312,1364.0853271484375,1101.31103515625,2840.2861328125
2022-07-26,670.6276245117188,1316.5020751953125,1101.8116455078125,2794.677734375
2022-07-27,675.7520141601562,1334.555419921875,1100.7650146484375,2860.1083984375
2022-07-28,681.7424926757812,1376.6048583984375,1118.0101318359375,2924.37109375
2022-07-29,690.0907592773438,1405.90771484375,1141.829833984375,2961.50341796875
2022-08-01,695.8407592773438,1407.132568359375,1171.587646484375,2958.72265625
2022-08-02,688.190185546875,1400.373779296875,1176.046875,2952.4443359375
2022-08-03,689.8020629882812,1420.7860107421875,1185.9205322265625,2995.227294921875
2022-08-04,688.9841918945312,1451.44970703125,1170.245361328125,3009.084228515625
2022-08-05,686.6504516601562,1466.6456298828125,1153.0003662109375,3018.142822265625
2022-08-08,703.4912719726562,1469.1405029296875,1168.083984375,3026.57421875
2022-08-10,705.5363159179688,1453.76318359375,1175.0684814453125,3008.456298828125
2022-08-11,714.8709716796875,1469.639404296875,1178.981689453125,3069.67041015625
2022-08-12,714.6063232421875,1446.18798828125,1198.046630859375,3050.880859375
2022-08-16,722.7861938476562,1448.31982421875,1206.373291015625,3042.942626953125
2022-08-17,726.5151977539062,1457.2105712890625,1212.6754150390625,3050.476806640625
2022-08-18,727.3812255859375,1436.072509765625,1214.8746337890625,3032.6728515625
2022-08-19,718.407470703125,1448.90966796875,1193.213623046875,3036.708740234375
2022-08-22,707.4850463867188,1429.449951171875,1189.904052734375,3008.7255859375
2022-08-23,705.2957763671875,1399.28515625,1208.2552490234375,2945.98681640625
2022-08-24,708.68798828125,1394.8397216796875,1205.0369873046875,2919.752197265625
2022-08-25,704.838623046875,1377.28515625,1201.5220947265625,2886.431884765625
2022-08-26,704.9588623046875,1380.369873046875,1195.1080322265625,2890.019775390625
2022-08-29,692.5928955078125,1326.118408203125,1185.818359375,2809.611572265625
2022-08-30,715.0633544921875,1354.42333984375,1204.215087890625,2880.10888671875
2022-09-01,708.3511352539062,1328.341064453125,1168.81396484375,2808.849609375
2022-09-02,714.7747192382812,1318.18017578125,1155.1646728515625,2807.683349609375
2022-09-05,719.369873046875,1325.710205078125,1173.10498046875,2810.3740234375
2022-09-06,716.6272583007812,1320.08544921875,1185.4532470703125,2804.67919921875
2022-09-07,713.2349853515625,1322.39892578125,1178.5601806640625,2824.904296875
2022-09-08,720.5968017578125,1338.955322265625,1180.2261962890625,2842.88671875
2022-09-09,721.0780029296875,1371.388427734375,1172.8768310546875,2885.93896484375
2022-09-12,718.6480712890625,1393.6602783203125,1186.0009765625,2908.630859375
2022-09-13,728.054931640625,1401.5985107421875,1195.906982421875,2896.432861328125
2022-09-14,735.5371704101562,1338.501953125,1181.5728759765625,2798.714111328125
2022-09-15,731.7117919921875,1299.8546142578125,1169.8638916015625,2784.3193359375
2022-09-16,718.26318359375,1249.2774658203125,1140.8763427734375,2698.529541015625
2022-09-19,723.0026245117188,1261.298095703125,1142.3599853515625,2716.5576171875
2022-09-20,731.7117919921875,1259.71044921875,1142.54248046875,2726.871826171875
2022-09-21,730.5809936523438,1249.458984375,1145.6925048828125,2691.802734375
2022-09-22,715.0152587890625,1241.0218505859375,1134.8961181640625,2697.36328125
2022-09-23,695.8407592773438,1238.753662109375,1113.6234130859375,2674.626953125
2022-09-26,686.4579467773438,1252.1805419921875,1085.2523193359375,2685.70361328125
2022-09-27,680.299072265625,1264.24658203125,1093.8800048828125,2706.377197265625
2022-09-28,668.6066284179688,1265.289794921875,1064.7554931640625,2722.701171875
2022-09-29,665.1422119140625,1268.873291015625,1061.4915771484375,2688.3046875
2022-09-30,683.9077758789062,1282.2999267578125,1085.4349365234375,2694.8076171875
2022-10-03,679.9862670898438,1264.4278564453125,1081.6688232421875,2677.228271484375
2022-10-04,699.13671875,1296.77001953125,1101.6175537109375,2772.480224609375
2022-10-06,691.4380493164062,1320.130859375,1105.6802978515625,2782.166259765625
2022-10-07,688.4547729492188,1316.5472412109375,1110.3594970703125,2748.935791015625
2022-10-10,680.8524169921875,1326.9349365234375,1098.2396240234375,2797.054931640625
2022-10-11,673.9476928710938,1291.689697265625,1076.373291015625,2753.107177734375
2022-10-12,678.350341796875,1296.1348876953125,1084.2935791015625,2781.090087890625
2022-10-13,670.555419921875,1288.1514892578125,1087.7401123046875,2783.377197265625
2022-10-14,692.400390625,1337.4583740234375,1082.216552734375,2779.65478515625
2022-10-17,696.033203125,1351.70166015625,1099.586181640625,2798.178955078125
2022-10-18,694.7340087890625,1364.1759033203125,1118.9874267578125,2827.80908203125
2022-10-19,701.8553466796875,1347.619384765625,1138.4569091796875,2807.26171875
2022-10-20,697.1159057617188,1361.6358642578125,1141.5155029296875,2839.138916015625
2022-10-21,692.2079467773438,1361.2728271484375,1128.2769775390625,2821.244384765625
2022-10-24,703.0101318359375,1377.012939453125,1132.0430908203125,2843.095458984375
2022-10-25,698.1262817382812,1384.678955078125,1114.559326171875,2843.455322265625
2022-10-27,699.8104248046875,1397.6563720703125,1118.941650390625,2839.229248046875
2022-10-28,701.87939453125,1387.843017578125,1153.178955078125,2844.4892578125
2022-10-31,720.1637573242188,1410.2208251953125,1163.8837890625,2871.376220703125
2022-11-01,728.1270751953125,1442.641357421875,1154.867919921875,2931.22021484375
2022-11-02,728.5841064453125,1424.573974609375,1162.08056640625,2915.03466796875
2022-11-03,725.3843994140625,1403.8927001953125,1166.4173583984375,2883.606201171875
2022-11-04,720.38037109375,1388.53076171875,1183.5816650390625,2893.18310546875
2022-11-07,725.9859008789062,1382.5235595703125,1189.904052734375,2907.840087890625
2022-11-09,725.7694091796875,1385.9627685546875,1188.7171630859375,2891.96923828125
2022-11-10,733.6605224609375,1377.4794921875,1174.337646484375,2882.616455078125
2022-11-11,775.2334594726562,1439.9815673828125,1201.4078369140625,2981.802001953125
2022-11-14,777.1100463867188,1453.922119140625,1195.5875244140625,2999.381591796875
2022-11-15,779.0106201171875,1461.901123046875,1190.2236328125,2996.774169921875
2022-11-16,785.6988525390625,1469.971923828125,1183.3990478515625,3017.231689453125
2022-11-17,778.6016845703125,1455.8480224609375,1186.45751953125,3011.52099609375
2022-11-18,776.5567016601562,1461.350830078125,1185.818359375,3006.531005859375
2022-11-21,768.59326171875,1438.2391357421875,1164.477294921875,2952.621826171875
2022-11-22,767.4625244140625,1453.69287109375,1170.9365234375,2980.90283203125
2022-11-23,769.4594116210938,1451.9503173828125,1167.28466796875,2974.922607421875
2022-11-24,781.9697875976562,1494.734375,1177.3504638671875,3039.531982421875
2022-11-25,778.361083984375,1500.0994873046875,1194.9254150390625,3048.07470703125
2022-11-28,769.9887084960938,1488.8646240234375,1235.9874267578125,3053.111083984375
2022-11-29,768.8339233398438,1494.04638671875,1238.110107421875,3054.999267578125
2022-11-30,773.9342041015625,1499.45751953125,1246.85205078125,3049.109375
2022-12-01,779.2511596679688,1519.771728515625,1243.1773681640625,3125.40869140625
2022-12-02,773.2847290039062,1502.1630859375,1242.6522216796875,3092.587158203125
2022-12-05,776.0994873046875,1503.859619140625,1224.529296875,3080.672119140625
2022-12-06,775.2334594726562,1479.2347412109375,1228.0672607421875,3044.20849609375
2022-12-07,774.8966064453125,1472.4478759765625,1209.9443359375,3039.937255859375
2022-12-08,779.2511596679688,1485.884033203125,1209.373779296875,3012.9150390625
2022-12-09,784.8087158203125,1439.248046875,1191.0452880859375,2960.940185546875
2022-12-12,790.9194946289062,1418.9793701171875,1192.871337890625,2955.274658203125
2022-12-13,793.1088256835938,1441.86181640625,1198.3037109375,2996.324462890625
2022-12-14,799.8211669921875,1448.5111083984375,1193.9669189453125,3026.22412109375
2022-12-15,785.1695556640625,1412.8345947265625,1177.008056640625,2972.04541015625
2022-12-16,788.9467163085938,1396.05126953125,1171.1876220703125,2913.73046875
2022-12-19,791.4006958007812,1382.431884765625,1186.5716552734375,2879.3798828125
2022-12-20,785.939453125,1382.3861083984375,1196.843017578125,2917.0576171875
2022-12-21,778.3369140625,1384.44970703125,1179.8155517578125,2939.1787109375
2022-12-22,775.66650390625,1395.913818359375,1176.7569580078125,2931.22021484375
2022-12-23,768.7377319335938,1373.0313720703125,1142.245849609375,2903.029541015625
2022-12-26,784.0387573242188,1377.8922119140625,1152.2203369140625,2925.10498046875
2022-12-27,784.8327026367188,1389.310546875,1161.64697265625,2931.04052734375
2022-12-28,784.207275390625,1384.9998779296875,1161.532958984375,2928.88232421875
2022-12-29,789.7406616210938,1391.7867431640625,1161.0078125,2939.3583984375
2022-12-30,783.4132690429688,1383.21142578125,1162.7882080078125,2928.522705078125
2023-01-02,783.6778564453125,1397.7020263671875,1175.8896484375,2932.7939453125
2023-01-03,788.8023681640625,1396.3724365234375,1167.28466796875,2977.665771484375
2023-01-04,774.7041015625,1370.922119140625,1149.7095947265625,2980.633056640625
2023-01-05,769.72412109375,1352.9464111328125,1147.6553955078125,2977.4404296875
2023-01-06,767.1739501953125,1328.4591064453125,1158.0863037109375,2887.92236328125
2023-01-09,768.6654052734375,1361.4295654296875,1185.4302978515625,2985.3984375
2023-01-10,754.6154174804688,1347.947998046875,1167.9010009765625,2955.229736328125
2023-01-11,765.48974609375,1349.32373046875,1153.178955078125,2993.26708984375
2023-01-12,769.5797729492188,1357.89892578125,1128.2769775390625,2998.347900390625
2023-01-13,770.1812133789062,1379.0386962890625,1126.451171875,3034.4970703125
2023-01-16,762.7952880859375,1399.077880859375,1115.723388671875,3066.2255859375
2023-01-17,774.1507568359375,1411.91748046875,1131.563720703125,3107.0126953125
2023-01-18,787.8159790039062,1417.32861328125,1129.6922607421875,3117.68115234375
2023-01-19,791.087890625,1411.367431640625,1128.4825439453125,3102.138671875
2023-01-20,799.1954956054688,1399.123779296875,1115.0615234375,3092.942138671875
2023-01-23,805.041748046875,1419.7132568359375,1109.4237060546875,3140.580810546875
2023-01-24,815.8199462890625,1423.2899169921875,1102.873046875,3160.26171875
2023-01-25,793.2772216796875,1415.1275634765625,1087.6259765625,3154.23828125
2023-01-27,777.4708862304688,1393.2540283203125,1066.9923095703125,3137.040283203125
2023-01-30,776.6769409179688,1411.275634765625,1077.218017578125,3157.824951171875
2023-01-31,771.5524291992188,1406.6441650390625,1074.5245361328125,3088.8955078125
2023-02-01,783.1245727539062,1422.5562744140625,1068.156494140625,3134.55712890625
2023-02-02,771.4803466796875,1452.5006103515625,1062.2447509765625,3182.426025390625
2023-02-03,798.1610107421875,1466.8536376953125,1063.1806640625,3202.566650390625
2023-02-06,794.7688598632812,1439.75244140625,1055.1690673828125,3182.01171875
2023-02-07,795.9476318359375,1432.9200439453125,1052.635498046875,3193.599365234375
2023-02-08,795.8513793945312,1458.6912841796875,1073.6572265625,3237.330078125
2023-02-09,794.1914672851562,1482.9949951171875,1075.52880859375,3256.413330078125
2023-02-10,797.3430786132812,1475.245361328125,1066.6729736328125,3253.378662109375
2023-02-13,797.9445190429688,1437.5513916015625,1060.6014404296875,3202.65869140625
2023-02-14,805.3303833007812,1461.213134765625,1085.5946044921875,3218.9365234375
2023-02-15,803.6945190429688,1464.6982421875,1110.1768798828125,3237.8359375
2023-02-16,800.783447265625,1469.0548095703125,1109.3096923828125,3272.231201171875
2023-02-17,796.7657470703125,1452.54638671875,1113.9429931640625,3219.90234375
2023-02-20,789.2835083007812,1460.4793701171875,1102.1654052734375,3207.164794921875
2023-02-21,792.24267578125,1448.602783203125,1111.158447265625,3173.78125
2023-02-22,776.700927734375,1432.36962890625,1085.9598388671875,3128.303466796875
2023-02-23,771.4321899414062,1422.1893310546875,1080.7557373046875,3139.5693359375
2023-02-24,764.5514526367188,1422.1435546875,1088.1510009765625,3127.29150390625
2023-02-27,766.4521484375,1384.220458984375,1080.91552734375,3064.202392578125
2023-02-28,769.6759643554688,1364.27294921875,1060.2362060546875,3046.728759765625
2023-03-01,768.9302368164062,1372.068603515625,1069.9822998046875,3113.725830078125
2023-03-02,762.38623046875,1350.149169921875,1061.833984375,3054.637451171875
2023-03-03,777.5189819335938,1356.7064208984375,1088.927001953125,3073.6748046875
2023-03-06,783.0042724609375,1382.5235595703125,1099.5633544921875,3100.989013671875
2023-03-08,784.568115234375,1368.9959716796875,1103.5120849609375,3118.049072265625
2023-03-09,784.6402587890625,1357.7154541015625,1076.9896240234375,3068.80078125
2023-03-10,764.4071655273438,1349.5987548828125,1060.3048095703125,3063.420654296875
2023-03-13,754.7357177734375,1316.1693115234375,1042.866455078125,3018.310546875
2023-03-14,752.7147216796875,1302.32080078125,1038.9635009765625,2956.69287109375
2023-03-15,741.9125366210938,1301.9998779296875,1021.205810546875,2941.93212890625
2023-03-16,746.7242431640625,1287.7386474609375,1016.1157836914062,2929.1484375
2023-03-17,756.70849609375,1302.9627685546875,1014.837646484375,2923.90625
2023-03-20,751.4637451171875,1287.3258056640625,1004.8632202148438,2890.798583984375
2023-03-21,759.9803466796875,1275.4490966796875,1036.1102294921875,2856.587158203125
2023-03-22,758.22412109375,1274.1192626953125,1039.2601318359375,2879.302490234375
2023-03-23,752.1373901367188,1260.637451171875,1026.1131591796875,2873.646484375
2023-03-24,750.9345092773438,1266.2320556640625,1005.7989501953125,2869.830322265625
2023-03-27,754.2064208984375,1273.843994140625,1021.4338989257812,2871.485595703125
2023-03-28,760.3412475585938,1263.4346923828125,1026.2044677734375,2865.59912109375
2023-03-29,763.9981689453125,1268.8916015625,1020.133056640625,2886.752197265625
2023-03-31,774.4635620117188,1309.6119384765625,1064.116455078125,2948.36962890625
2023-04-03,774.9447631835938,1293.9290771484375,1064.299072265625,2942.94384765625
2023-04-05,795.7311401367188,1305.57666015625,1061.74267578125,2979.546875
2023-04-06,801.7938232421875,1304.0633544921875,1068.864013671875,2961.98095703125
2023-04-10,797.9926147460938,1309.291015625,1061.2861328125,3001.250732421875
2023-04-11,800.326416015625,1289.6187744140625,1066.535888671875,2955.63525390625
2023-04-12,810.7195434570312,1309.93310546875,1071.23779296875,2981.247802734375
2023-04-13,814.352294921875,1274.0732421875,1075.27783203125,2932.68994140625
2023-04-17,801.938232421875,1154.0213623046875,1080.73291015625,2887.303955078125
2023-04-18,798.5459594726562,1154.9842529296875,1068.36181640625,2879.25634765625
2023-04-19,801.4811401367188,1130.084228515625,1073.6800537109375,2841.41259765625
2023-04-20,804.46435546875,1122.0137939453125,1070.9638671875,2855.39111328125
2023-04-21,805.7635498046875,1125.636474609375,1072.310546875,2906.93896484375
2023-04-24,812.2833251953125,1124.6734619140625,1076.4190673828125,2919.768310546875
2023-04-25,800.7353515625,1123.389404296875,1084.65869140625,2920.871826171875
2023-04-26,804.416259765625,1125.8197021484375,1078.2906494140625,2941.242431640625
2023-04-27,808.843017578125,1142.9698486328125,1085.115234375,2931.861572265625
2023-04-28,812.0187377929688,1148.931396484375,1104.949951171875,2960.647216796875
2023-05-02,811.8502807617188,1171.5843505859375,1114.3310546875,2960.785400390625
2023-05-03,814.689208984375,1163.97216796875,1104.7674560546875,2924.458251953125
2023-05-04,831.3616333007812,1168.0076904296875,1117.503662109375,2961.98095703125
2023-05-05,782.2103271484375,1154.7550048828125,1114.650634765625,2971.17724609375
2023-05-08,791.2562866210938,1160.716552734375,1128.4140625,2989.478515625
2023-05-09,791.2803955078125,1165.393798828125,1131.9061279296875,3019.50634765625
2023-05-10,794.937255859375,1158.5611572265625,1139.6895751953125,3022.771484375
2023-05-11,795.466552734375,1152.0035400390625,1132.24853515625,3018.49462890625
2023-05-12,802.4916381835938,1142.0068359375,1134.097412109375,3011.275390625
2023-05-15,806.3409423828125,1154.0672607421875,1136.334228515625,2993.57177734375
2023-05-16,801.7174682617188,1159.524169921875,1120.1514892578125,2996.422607421875
2023-05-17,797.4102172851562,1143.5662841796875,1113.5321044921875,2950.944580078125
2023-05-18,800.5980224609375,1142.74072265625,1111.1357421875,2942.805908203125
2023-05-19,801.5227661132812,1163.742919921875,1114.741943359375,2963.95849609375
2023-05-22,798.6755981445312,1185.662353515625,1120.69921875,3033.71533203125
2023-05-23,796.8018798828125,1192.3115234375,1120.4937744140625,3032.197509765625
2023-05-24,786.3868408203125,1191.0274658203125,1113.9658203125,3037.991455078125
2023-05-25,783.3693237304688,1196.255126953125,1113.8289794921875,3028.932861328125
2023-05-26,786.3868408203125,1208.2694091796875,1144.2088623046875,3061.489501953125
2023-05-29,795.9744873046875,1205.47216796875,1150.6453857421875,3053.626220703125
2023-05-30,796.5828857421875,1214.1390380859375,1150.3486328125,3049.8095703125
2023-05-31,783.9777221679688,1209.0491943359375,1127.5008544921875,3025.25390625
2023-06-01,780.6439208984375,1210.149658203125,1124.4652099609375,3056.9833984375
2023-06-02,781.8606567382812,1207.3614501953125,1120.7904052734375,3040.060791015625
2023-06-05,780.838623046875,1212.4732666015625,1130.8563232421875,3024.70263671875
2023-06-06,778.4052124023438,1188.772216796875,1131.8148193359375,2972.649658203125
2023-06-07,782.4446411132812,1198.02001953125,1140.3970947265625,3011.82666015625
2023-06-08,782.9312744140625,1192.3040771484375,1141.081787109375,2976.466064453125
2023-06-09,783.8560791015625,1176.642822265625,1133.001708984375,2951.496826171875
2023-06-12,779.0865478515625,1200.80859375,1134.006103515625,2986.076171875
2023-06-13,780.4005126953125,1212.798583984375,1150.759521484375,2983.133544921875
2023-06-14,779.548828125,1208.66259765625,1164.9107666015625,2989.89306640625
2023-06-15,769.961181640625,1196.0220947265625,1165.23046875,2979.93310546875
2023-06-16,780.0355224609375,1200.52978515625,1176.574462890625,2941.5751953125
2023-06-19,780.7169799804688,1202.714111328125,1164.8880615234375,2974.466064453125
2023-06-20,782.3473510742188,1211.450927734375,1167.3074951171875,2990.494873046875
2023-06-21,796.023193359375,1207.6865234375,1170.59423828125,3018.753662109375
2023-06-22,799.9166870117188,1191.1424560546875,1157.4471435546875,3000.501220703125
2023-06-23,799.8680419921875,1175.759765625,1147.9749755859375,2979.97900390625
2023-06-26,795.9988403320312,1180.732421875,1139.2100830078125,2955.2412109375
2023-06-27,807.2169799804688,1188.9117431640625,1139.62109375,2962.375244140625
2023-06-28,815.7583618164062,1202.1097412109375,1154.708251953125,2979.1455078125
2023-06-30,828.047119140625,1241.2862548828125,1164.1805419921875,3059.566162109375
2023-07-03,837.002197265625,1239.6131591796875,1194.058349609375,3031.8173828125
2023-07-04,841.0902709960938,1250.25537109375,1181.755615234375,3065.68115234375
2023-07-05,814.3712158203125,1252.2540283203125,1179.8155517578125,3075.96484375
2023-07-06,815.1986694335938,1249.0938720703125,1204.5804443359375,3078.69921875
2023-07-07,808.093017578125,1236.3602294921875,1202.2294921875,3084.582275390625
2023-07-10,806.1705932617188,1235.38427734375,1248.541015625,3031.493408203125
2023-07-11,802.2527465820312,1253.462158203125,1262.0760498046875,3031.90966796875
2023-07-12,794.7334594726562,1239.2415771484375,1263.468505859375,3020.32861328125
2023-07-13,798.699951171875,1268.7982177734375,1252.170166015625,3095.0517578125
2023-07-14,800.354736328125,1325.3555908203125,1251.120361328125,3256.35693359375
2023-07-17,817.0966796875,1322.567138671875,1276.68408203125,3235.09326171875
2023-07-18,816.4153442382812,1371.131103515625,1287.52587890625,3239.86474609375
2023-07-19,820.1141357421875,1370.8988037109375,1297.294921875,3215.034912109375
2023-07-20,821.8905639648438,1347.244140625,1295.723876953125,3217.124755859375
2023-07-21,815.5636596679688,1237.661376953125,1255.6134033203125,3128.877685546875
2023-07-24,816.8533325195312,1242.3087158203125,1230.216796875,3153.447021484375
2023-07-25,825.7109985351562,1240.44970703125,1229.425537109375,3157.534912109375
2023-07-26,822.8395385742188,1253.694580078125,1249.406494140625,3147.4560546875
2023-07-27,814.2982177734375,1257.6912841796875,1237.7838134765625,3155.44482421875
2023-07-28,799.8680419921875,1245.93359375,1250.2225341796875,3116.894775390625
2023-07-31,803.615478515625,1260.0614013671875,1260.8065185546875,3178.249267578125
2023-08-01,808.993408203125,1268.8909912109375,1242.976806640625,3206.67431640625
2023-08-02,798.407958984375,1261.130126953125,1229.697509765625,3196.0849609375
2023-08-03,792.6407470703125,1268.0545654296875,1224.529052734375,3158.27783203125
2023-08-04,804.1021728515625,1281.113525390625,1241.1717529296875,3198.77880859375
2023-08-07,803.6398315429688,1294.72998046875,1248.2442626953125,3236.400146484375
2023-08-08,802.9828491210938,1292.1273193359375,1240.7265625,3223.90625
2023-08-09,803.2747802734375,1296.03125,1248.911865234375,3216.381591796875
2023-08-10,796.1448364257812,1291.1051025390625,1254.475830078125,3197.431640625
2023-08-11,787.846923828125,1275.072021484375,1259.767822265625,3203.655517578125
2023-08-14,784.0021362304688,1295.2412109375,1274.65478515625,3204.630859375
2023-08-16,781.714599609375,1318.43115234375,1273.6160888671875,3212.572998046875
2023-08-17,777.3831787109375,1311.971435546875,1255.2425537109375,3191.533203125
2023-08-18,774.1953125,1290.8262939453125,1264.5406494140625,3127.76318359375
2023-08-21,773.5869750976562,1306.2552490234375,1250.74267578125,3159.85693359375
2023-08-22,770.2774658203125,1304.7215576171875,1250.44482421875,3141.742919921875
2023-08-23,772.1755981445312,1308.6253662109375,1251.8345947265625,3156.69873046875
2023-08-24,768.622802734375,1323.171142578125,1230.7904052734375,3146.945068359375
2023-08-25,759.9597778320312,1319.918212890625,1225.1075439453125,3140.95361328125
2023-08-28,767.868408203125,1315.7822265625,1212.897705078125,3135.612060546875
2023-08-29,773.976318359375,1317.64111328125,1201.2838134765625,3136.16943359375
2023-08-30,768.3307495117188,1333.9066162109375,1200.142333984375,3149.91796875
2023-08-31,764.80224609375,1334.1851806640625,1194.6578369140625,3118.195068359375
2023-09-01,766.384033203125,1341.9927978515625,1197.4619140625,3139.002685546875
2023-09-04,771.1779174804688,1361.74365234375,1196.494140625,3175.50927734375
2023-09-05,766.4813842773438,1374.570068359375,1202.89697265625,3185.58837890625
2023-09-06,776.507080078125,1373.2222900390625,1205.4281005859375,3186.098388671875
2023-09-07,783.9777221679688,1362.7659912109375,1207.06591796875,3209.64697265625
2023-09-08,790.0856323242188,1365.926025390625,1215.1064453125,3197.245361328125
2023-09-11,794.173828125,1372.2928466796875,1228.20947265625,3233.241943359375
2023-09-12,796.6558837890625,1395.2039794921875,1210.4658203125,3326.27294921875
2023-09-13,800.062744140625,1392.64794921875,1216.52099609375,3314.24365234375
2023-09-14,799.5760498046875,1400.6412353515625,1217.6376953125,3306.998046875
2023-09-15,808.7500610351562,1404.96337890625,1219.89599609375,3342.529296875
2023-09-18,792.8353881835938,1386.5601806640625,1209.274658203125,3349.820556640625
2023-09-20,761.0304565429688,1385.1195068359375,1182.3240966796875,3349.728271484375
2023-09-21,755.9933471679688,1395.80810546875,1173.7127685546875,3330.453125
2023-09-22,744.4588623046875,1390.6031494140625,1168.823974609375,3347.498291015625
2023-09-25,745.1158447265625,1370.1551513671875,1161.6273193359375,3322.882080078125
2023-09-26,748.352294921875,1357.6075439453125,1162.644775390625,3330.82470703125
2023-09-27,743.0960693359375,1363.509521484375,1175.747802734375,3334.16845703125
2023-09-28,741.5630493164062,1337.9033203125,1158.4757080078125,3285.353759765625
2023-09-29,742.8284301757812,1334.1851806640625,1163.8856201171875,3277.783447265625
2023-10-03,733.9464111328125,1332.837646484375,1150.5592041015625,3264.08154296875
2023-10-04,744.41015625,1342.45751953125,1148.5738525390625,3286.282470703125
2023-10-05,747.4276123046875,1360.2098388671875,1148.5491943359375,3334.215576171875
2023-10-06,746.600341796875,1374.38427734375,1150.4847412109375,3363.987060546875
2023-10-09,737.937255859375,1371.36328125,1140.6822509765625,3379.732177734375
2023-10-10,742.1227416992188,1389.673828125,1145.719970703125,3370.953857421875
2023-10-11,749.3013305664062,1388.9765625,1163.910400390625,3353.30419921875
2023-10-12,754.2898559570312,1362.1153564453125,1166.0693359375,3290.741455078125
2023-10-13,747.4276123046875,1330.1885986328125,1166.019775390625,3317.030029296875
2023-10-16,744.4345092773438,1332.9769287109375,1163.4140625,3273.556396484375
2023-10-17,750.080078125,1340.6915283203125,1168.972900390625,3257.76513671875
2023-10-18,739.640625,1338.9254150390625,1153.4627685546875,3239.372802734375
2023-10-19,737.3045654296875,1332.5123291015625,1144.603271484375,3218.323974609375
2023-10-20,741.1250610351562,1326.56396484375,1141.104248046875,3254.552978515625
2023-10-23,732.9730834960938,1309.2760009765625,1123.2860107421875,3175.948974609375
2023-10-25,728.3252563476562,1289.88134765625,1120.680419921875,3157.276611328125
2023-10-26,712.2159423828125,1279.901611328125,1105.07080078125,3107.590087890625
2023-10-27,715.0143432617188,1299.5784912109375,1124.5765380859375,3120.81494140625
2023-10-30,722.7769775390625,1296.4716796875,1147.7550048828125,3146.519287109375
2023-10-31,718.591552734375,1288.327880859375,1135.5452880859375,3137.392578125
2023-11-01,717.6181640625,1274.91162109375,1140.2603759765625,3101.9091796875
2023-11-02,718.7131958007812,1289.9754638671875,1151.57666015625,3129.336669921875
2023-11-03,722.1199951171875,1307.7696533203125,1151.3284912109375,3120.7685546875
2023-11-06,727.351806640625,1321.185791015625,1160.9075927734375,3148.102783203125
2023-11-07,723.8233032226562,1322.127197265625,1153.3634033203125,3138.975830078125
2023-11-08,725.9161376953125,1309.60546875,1159.3690185546875,3149.3134765625
2023-11-09,723.044677734375,1294.3533935546875,1146.787109375,3117.555908203125
2023-11-10,725.8917846679688,1288.7515869140625,1148.9461669921875,3104.5166015625
2023-11-13,724.5776977539062,1293.1766357421875,1148.79736328125,3102.747802734375
2023-11-15,732.1700439453125,1327.96435546875,1169.5684814453125,3170.5009765625
2023-11-16,734.0924682617188,1360.3514404296875,1171.6778564453125,3257.626220703125
2023-11-17,732.5107421875,1353.4315185546875,1169.121826171875,3261.910400390625
2023-11-20,732.5593872070312,1352.5369873046875,1166.0445556640625,3277.883056640625
2023-11-21,738.7645874023438,1354.796630859375,1180.7109375,3269.12841796875
2023-11-22,736.136474609375,1372.49658203125,1185.3267822265625,3287.7080078125
2023-11-23,740.3950805664062,1364.4468994140625,1188.9500732421875,3267.312255859375
2023-11-24,745.6511840820312,1353.2904052734375,1188.1558837890625,3219.67529296875
2023-11-28,743.9722290039062,1358.2801513671875,1188.404052734375,3231.828857421875
2023-11-29,758.8160400390625,1374.1912841796875,1191.5308837890625,3272.4345703125
2023-11-30,758.6456909179688,1370.001708984375,1179.9913330078125,3248.080322265625
2023-12-01,756.9910278320312,1367.318359375,1188.3544921875,3270.478515625
2023-12-04,783.2720336914062,1378.663330078125,1201.2093505859375,3271.223388671875
2023-12-05,790.2316284179688,1368.871826171875,1209.919921875,3289.05859375
2023-12-06,792.22705078125,1388.03125,1221.5091552734375,3356.57958984375
2023-12-07,793.5167236328125,1380.1226806640625,1219.4989013671875,3366.6376953125
2023-12-08,804.5888671875,1403.895263671875,1218.8536376953125,3377.62744140625
2023-12-11,803.5181274414062,1401.400146484375,1220.6405029296875,3392.71435546875
2023-12-12,795.5364379882812,1389.6785888671875,1203.1201171875,3419.9091796875
2023-12-13,793.7357788085938,1364.2115478515625,1208.03369140625,3346.753662109375
2023-12-14,803.1044921875,1413.5924072265625,1223.0228271484375,3415.392333984375
2023-12-15,806.2192993164062,1486.039794921875,1238.63232421875,3595.836181640625
2023-12-18,805.8056030273438,1472.8118896484375,1251.239013671875,3594.15966796875
2023-12-19,804.44287109375,1467.115966796875,1269.6527099609375,3554.112548828125
2023-12-20,806.4382934570312,1446.497314453125,1254.2913818359375,3520.446044921875
2023-12-21,820.8927612304688,1446.1207275390625,1271.8614501953125,3527.38427734375
2023-12-22,813.1788940429688,1471.4466552734375,1273.102294921875,3561.37744140625
2023-12-26,818.824462890625,1453.60546875,1279.554443359375,3534.880615234375
2023-12-27,828.9718627929688,1475.40087890625,1283.9222412109375,3549.456298828125
2023-12-28,829.9208374023438,1471.211181640625,1293.2034912109375,3538.9326171875
2023-12-29,831.8676147460938,1452.6170654296875,1282.97900390625,3532.878662109375
